{"cameraMode":{"drawMode":0,"name":"Shaded","section":"Shading Mode"},"sceneLighting":true,"audioPlay":false,"sceneViewState":{"showFog":true,"showMaterialUpdate":false,"showSkybox":true,"showFlares":true,"showImageEffects":true,"showParticleSystems":true},"in2DMode":false,"pivot":{"x":-22.002042770385743,"y":-19.69069480895996,"z":0.09638625383377075},"rotation":{"x":0.25458598136901858,"y":-0.6521614193916321,"z":0.24794816970825196,"w":0.6696217060089111},"size":32.65346145629883,"orthographic":false}