{"cameraMode":{"drawMode":0,"name":"Shaded","section":"Shading Mode"},"sceneLighting":true,"audioPlay":false,"sceneViewState":{"showFog":true,"showMaterialUpdate":false,"showSkybox":true,"showFlares":true,"showImageEffects":true,"showParticleSystems":true},"in2DMode":false,"pivot":{"x":-2.1879470348358156,"y":-16.443572998046876,"z":20.341493606567384},"rotation":{"x":0.32961371541023257,"y":-0.04641493782401085,"z":0.01622670702636242,"w":0.9428346753120422},"size":32.65346145629883,"orthographic":false}